Num Prots	Num Annots	PMID	Title	Year	Journal	MFO Annot	BPO Annot	CCO Annot	Num EXP	Num IDA	Num IEP	Num IGI	Num IMP	Num IPI	GO ID	GO Name	Ev Code	Num Used
39	119	16844780	Development and application of a suite of polysaccharide-degrading enzymes for analyzing plant cell walls.	2006	Proceedings of the National Academy of Sciences of the United States of America	59	60	0	0	119	0	0	0	0	GO:0033946	xyloglucan-specific endo-beta-1,4-glucanase activity	IDA	1	GO:0009251	glucan catabolic process	IDA	11	GO:0031218	arabinogalactan endo-1,4-beta-galactosidase activity	IDA	1	GO:0046557	glucan endo-1,6-beta-glucosidase activity	IDA	1	GO:0031176	endo-1,4-beta-xylanase activity	IDA	2	GO:0030570	pectate lyase activity	IDA	4	GO:0019566	arabinose metabolic process	IDA	3	GO:0050525	cutinase activity	IDA	2	GO:0042973	glucan endo-1,3-beta-D-glucosidase activity	IDA	1	GO:0047490	pectin lyase activity	IDA	2	GO:0004557	alpha-galactosidase activity	IDA	2	GO:0046558	arabinan endo-1,5-alpha-L-arabinosidase activity	IDA	2	GO:0046576	rhamnogalacturonan alpha-L-rhamnopyranosyl-(1->4)-alpha-D-galactopyranosyluronide lyase activity	IDA	1	GO:0045490	pectin catabolic process	IDA	23	GO:0046555	acetylxylan esterase activity	IDA	2	GO:0010411	xyloglucan metabolic process	IDA	4	GO:0016837	carbon-oxygen lyase activity, acting on polysaccharides	IDA	2	GO:0009044	xylan 1,4-beta-xylosidase activity	IDA	2	GO:0046575	rhamnogalacturonan acetylesterase activity	IDA	2	GO:0004567	beta-mannosidase activity	IDA	1	GO:0046559	alpha-glucuronidase activity	IDA	1	GO:0030599	pectinesterase activity	IDA	1	GO:0045493	xylan catabolic process	IDA	8	GO:0004553	hydrolase activity, hydrolyzing O-glycosyl compounds	IDA	1	GO:0016985	mannan endo-1,4-beta-mannosidase activity	IDA	3	GO:0004558	alpha-glucosidase activity	IDA	2	GO:0030600	feruloyl esterase activity	IDA	1	GO:0008810	cellulase activity	IDA	4	GO:0004338	glucan exo-1,3-beta-glucosidase activity	IDA	1	GO:0044275	cellular carbohydrate catabolic process	IDA	5	GO:0033945	oligoxyloglucan reducing-end-specific cellobiohydrolase activity	IDA	1	GO:0004650	polygalacturonase activity	IDA	5	GO:0046556	alpha-N-arabinofuranosidase activity	IDA	4	GO:0042972	licheninase activity	IDA	1	GO:0046355	mannan catabolic process	IDA	6	GO:0008422	beta-glucosidase activity	IDA	3	GO:0051118	glucan endo-1,3-alpha-glucosidase activity	IDA	1	GO:0003796	lysozyme activity	IDA	1	GO:0004560	alpha-L-fucosidase activity	IDA	1
31	193	16510873	Cdc42 controls progenitor cell differentiation and beta-catenin turnover in skin.	2006	Genes & development	36	66	91	0	81	0	0	83	29	GO:0005515	protein binding	IPI	25	GO:0060789	hair follicle placode formation	IMP	2	GO:0005576	extracellular region	IDA	9	GO:0031424	keratinization	IMP	2	GO:0071338	positive regulation of hair follicle cell proliferation	IMP	2	GO:0035264	multicellular organism growth	IMP	2	GO:0010629	negative regulation of gene expression	IMP	2	GO:0003334	keratinocyte development	IMP	2	GO:0005923	tight junction	IDA	6	GO:0042176	regulation of protein catabolic process	IMP	2	GO:0005625	soluble fraction	IDA	13	GO:0004672	protein kinase activity	IDA	5	GO:0005525	GTP binding	IDA	2	GO:0045859	regulation of protein kinase activity	IMP	2	GO:0016020	membrane	IDA	15	GO:0060684	epithelial-mesenchymal cell signaling	IMP	2	GO:0031069	hair follicle morphogenesis	IMP	2	GO:0030216	keratinocyte differentiation	IMP	17	GO:0033138	positive regulation of peptidyl-serine phosphorylation	IMP	2	GO:0005913	cell-cell adherens junction	IDA	3	GO:0005080	protein kinase C binding	IPI	4	GO:0001738	morphogenesis of a polarized epithelium	IMP	17	GO:0043234	protein complex	IDA	9	GO:0051017	actin filament bundle assembly	IMP	2	GO:0060070	canonical Wnt receptor signaling pathway	IMP	2	GO:0090136	epithelial cell-cell adhesion	IMP	2	GO:0005634	nucleus	IDA	5	GO:0005886	plasma membrane	IMP	17	GO:0031941	filamentous actin	IDA	7	GO:0010628	positive regulation of gene expression	IMP	2	GO:0005886	plasma membrane	IDA	7	GO:0031647	regulation of protein stability	IMP	2
30	32	20949076	Gene annotation and drug target discovery in Candida albicans with a tagged transposon mutant collection.	2010	PLoS pathogens	8	14	10	0	0	0	32	0	0	GO:0006078	(1->6)-beta-D-glucan biosynthetic process	IGI	1	GO:0055114	oxidation-reduction process	IGI	1	GO:0006486	protein glycosylation	IGI	1	GO:0000087	M phase of mitotic cell cycle	IGI	1	GO:0034599	cellular response to oxidative stress	IGI	1	GO:0008198	ferrous iron binding	IGI	1	GO:0001950	plasma membrane enriched fraction	IGI	1	GO:0005737	cytoplasm	IGI	3	GO:0005789	endoplasmic reticulum membrane	IGI	1	GO:0006888	ER to Golgi vesicle-mediated transport	IGI	1	GO:0016491	oxidoreductase activity	IGI	1	GO:0017112	Rab guanyl-nucleotide exchange factor activity	IGI	1	GO:0045454	cell redox homeostasis	IGI	1	GO:0000038	very long chain fatty acid metabolic process	IGI	1	GO:0004791	thioredoxin-disulfide reductase activity	IGI	1	GO:0006761	dihydrofolate biosynthetic process	IGI	1	GO:0030008	TRAPP complex	IGI	1	GO:0006364	rRNA processing	IGI	1	GO:0006011	UDP-glucose metabolic process	IGI	1	GO:0003924	GTPase activity	IGI	1	GO:0006184	GTP catabolic process	IGI	1	GO:0005829	cytosol	IGI	1	GO:0003983	UTP:glucose-1-phosphate uridylyltransferase activity	IGI	1	GO:0030686	90S preribosome	IGI	1	GO:0005992	trehalose biosynthetic process	IGI	1	GO:0005816	spindle pole body	IGI	1	GO:0043021	ribonucleoprotein complex binding	IGI	1	GO:0005978	glycogen biosynthetic process	IGI	1	GO:0005730	nucleolus	IGI	1	GO:0008841	dihydrofolate synthase activity	IGI	1
27	694	11099033	Functional genomic analysis of C. elegans chromosome I by systematic RNA interference.	2000	Nature	0	694	0	0	0	0	0	694	0	GO:0040007	growth	IMP	31	GO:0040018	positive regulation of multicellular organism growth	IMP	4	GO:0040002	collagen and cuticulin-based cuticle development	IMP	8	GO:0018991	oviposition	IMP	5	GO:0009792	embryo development ending in birth or egg hatching	IMP	204	GO:0040035	hermaphrodite genitalia development	IMP	23	GO:0000910	cytokinesis	IMP	4	GO:0007052	mitotic spindle organization	IMP	6	GO:0007126	meiosis	IMP	3	GO:0040019	positive regulation of embryonic development	IMP	5	GO:0001703	gastrulation with mouth forming first	IMP	42	GO:0002119	nematode larval development	IMP	70	GO:0008340	determination of adult lifespan	IMP	1	GO:0040010	positive regulation of growth rate	IMP	109	GO:0040011	locomotion	IMP	61	GO:0010171	body morphogenesis	IMP	36	GO:0000003	reproduction	IMP	35	GO:0040015	negative regulation of multicellular organism growth	IMP	1	GO:0040027	negative regulation of vulval development	IMP	1	GO:0045132	meiotic chromosome segregation	IMP	11	GO:0040026	positive regulation of vulval development	IMP	1	GO:0018996	molting cycle, collagen and cuticulin-based cuticle	IMP	13	GO:0006997	nucleus organization	IMP	7	GO:0002009	morphogenesis of an epithelium	IMP	9	GO:0007028	cytoplasm organization	IMP	1	GO:0040013	negative regulation of locomotion	IMP	1	GO:0035046	pronuclear migration	IMP	2
26	91	11894098	RICK/Rip2/CARDIAK mediates signalling for receptors of the innate and adaptive immune systems.	2002	Nature	5	75	11	0	22	0	0	69	0	GO:0032722	positive regulation of chemokine production	IMP	3	GO:0034134	toll-like receptor 2 signaling pathway	IDA	1	GO:0046330	positive regulation of JNK cascade	IMP	3	GO:0032760	positive regulation of tumor necrosis factor production	IMP	3	GO:0043330	response to exogenous dsRNA	IMP	3	GO:0032729	positive regulation of interferon-gamma production	IDA	2	GO:0034142	toll-like receptor 4 signaling pathway	IMP	3	GO:0032729	positive regulation of interferon-gamma production	IMP	3	GO:0070431	nucleotide-binding oligomerization domain containing 2 signaling pathway	IMP	3	GO:0005615	extracellular space	IDA	11	GO:0043123	positive regulation of I-kappaB kinase/NF-kappaB cascade	IMP	3	GO:0032755	positive regulation of interleukin-6 production	IMP	3	GO:0070671	response to interleukin-12	IMP	3	GO:0032874	positive regulation of stress-activated MAPK cascade	IMP	3	GO:0033091	positive regulation of immature T cell proliferation	IMP	3	GO:0032755	positive regulation of interleukin-6 production	IDA	3	GO:0046641	positive regulation of alpha-beta T cell proliferation	IMP	3	GO:0050852	T cell receptor signaling pathway	IMP	3	GO:0070374	positive regulation of ERK1 and ERK2 cascade	IMP	3	GO:0050830	defense response to Gram-positive bacterium	IMP	3	GO:0070673	response to interleukin-18	IMP	3	GO:0031663	lipopolysaccharide-mediated signaling pathway	IMP	3	GO:0032743	positive regulation of interleukin-2 production	IMP	3	GO:0005125	cytokine activity	IDA	5	GO:0070427	nucleotide-binding oligomerization domain containing 1 signaling pathway	IMP	3	GO:0071224	cellular response to peptidoglycan	IMP	3	GO:0070555	response to interleukin-1	IMP	3	GO:0071223	cellular response to lipoteichoic acid	IMP	3
24	169	19151727	Regulation of cardiovascular development and integrity by the heart of glass-cerebral cavernous malformation protein pathway.	2009	Nature medicine	17	136	16	0	18	0	51	83	17	GO:0005515	protein binding	IPI	17	GO:0061154	endothelial tube morphogenesis	IMP	1	GO:0009791	post-embryonic development	IMP	3	GO:0003281	ventricular septum development	IMP	3	GO:0001885	endothelial cell development	IMP	6	GO:0005911	cell-cell junction	IDA	5	GO:0001886	endothelial cell morphogenesis	IMP	3	GO:0035264	multicellular organism growth	IMP	6	GO:0003017	lymph circulation	IMP	3	GO:0007043	cell-cell junction assembly	IMP	6	GO:0001945	lymph vessel development	IMP	3	GO:0030324	lung development	IMP	3	GO:0001701	in utero embryonic development	IGI	9	GO:0060039	pericardium development	IMP	9	GO:0048845	venous blood vessel morphogenesis	IGI	9	GO:0060039	pericardium development	IGI	9	GO:0001570	vasculogenesis	IGI	9	GO:0048845	venous blood vessel morphogenesis	IMP	6	GO:0043234	protein complex	IDA	8	GO:0003209	cardiac atrium morphogenesis	IMP	3	GO:0001701	in utero embryonic development	IMP	9	GO:0060837	blood vessel endothelial cell differentiation	IMP	6	GO:0032092	positive regulation of protein binding	IDA	2	GO:0007507	heart development	IMP	1	GO:0009897	external side of plasma membrane	IDA	3	GO:0035264	multicellular organism growth	IGI	9	GO:0001885	endothelial cell development	IGI	6	GO:0045216	cell-cell junction organization	IMP	9	GO:0050878	regulation of body fluid levels	IMP	3
24	75	18794329	EPB41L5 functions to post-transcriptionally regulate cadherin and integrin during epithelial-mesenchymal transition.	2008	The Journal of cell biology	40	21	14	0	21	0	0	14	40	GO:0005515	protein binding	IPI	4	GO:0007492	endoderm development	IMP	1	GO:0003382	epithelial cell morphogenesis	IMP	1	GO:0001839	neural plate morphogenesis	IMP	1	GO:0051894	positive regulation of focal adhesion assembly	IMP	1	GO:0006931	substrate-dependent cell migration, cell attachment to substrate	IMP	1	GO:0071560	cellular response to transforming growth factor beta stimulus	IDA	1	GO:0010718	positive regulation of epithelial to mesenchymal transition	IMP	1	GO:0010718	positive regulation of epithelial to mesenchymal transition	IDA	3	GO:0005768	endosome	IDA	2	GO:0032525	somite rostral/caudal axis specification	IMP	1	GO:0010634	positive regulation of epithelial cell migration	IMP	1	GO:0005925	focal adhesion	IDA	6	GO:0022408	negative regulation of cell-cell adhesion	IMP	1	GO:0048617	embryonic foregut morphogenesis	IMP	1	GO:0001701	in utero embryonic development	IMP	1	GO:0032092	positive regulation of protein binding	IDA	1	GO:0032091	negative regulation of protein binding	IDA	1	GO:0007398	ectoderm development	IMP	1	GO:0019904	protein domain specific binding	IPI	36	GO:0007509	mesoderm migration involved in gastrulation	IMP	1	GO:0032587	ruffle membrane	IDA	1	GO:0070201	regulation of establishment of protein localization	IDA	1	GO:0031252	cell leading edge	IDA	5	GO:0010608	posttranscriptional regulation of gene expression	IMP	1
24	24	17273977	Mutations in STRA6 cause a broad spectrum of malformations including anophthalmia, congenital heart defects, diaphragmatic hernia, alveolar capillary dysplasia, lung hypoplasia, and mental retardation.	2007	American journal of human genetics	0	24	0	0	0	0	0	24	0	GO:0048589	developmental growth	IMP	1	GO:0001822	kidney development	IMP	1	GO:0060900	embryonic camera-type eye formation	IMP	1	GO:0060325	face morphogenesis	IMP	1	GO:0061038	uterus morphogenesis	IMP	1	GO:0061143	alveolar primary septum development	IMP	1	GO:0042297	vocal learning	IMP	1	GO:0048566	embryonic digestive tract development	IMP	1	GO:0061205	paramesonephric duct development	IMP	1	GO:0060539	diaphragm development	IMP	1	GO:0030540	female genitalia development	IMP	1	GO:0048520	positive regulation of behavior	IMP	1	GO:0030325	adrenal gland development	IMP	1	GO:0043585	nose morphogenesis	IMP	1	GO:0061029	eyelid development in camera-type eye	IMP	1	GO:0048745	smooth muscle tissue development	IMP	1	GO:0061156	pulmonary artery morphogenesis	IMP	1	GO:0043583	ear development	IMP	1	GO:0003281	ventricular septum development	IMP	1	GO:0007631	feeding behavior	IMP	1	GO:0048546	digestive tract morphogenesis	IMP	1	GO:0050905	neuromuscular process	IMP	1	GO:0003184	pulmonary valve morphogenesis	IMP	1	GO:0060426	lung vasculature development	IMP	1
24	272	17143286	PDGF signaling specificity is mediated through multiple immediate early genes.	2007	Nature genetics	16	256	0	0	0	0	0	256	16	GO:0010761	fibroblast migration	IMP	16	GO:0030097	hemopoiesis	IMP	7	GO:0001822	kidney development	IMP	21	GO:0005515	protein binding	IPI	16	GO:0060324	face development	IMP	3	GO:0048644	muscle organ morphogenesis	IMP	1	GO:0060325	face morphogenesis	IMP	22	GO:0001570	vasculogenesis	IMP	10	GO:0001944	vasculature development	IMP	3	GO:0009791	post-embryonic development	IMP	20	GO:0001894	tissue homeostasis	IMP	3	GO:0035264	multicellular organism growth	IMP	5	GO:0010763	positive regulation of fibroblast migration	IMP	1	GO:0006807	nitrogen compound metabolic process	IMP	21	GO:0060021	palate development	IMP	22	GO:0044236	multicellular organismal metabolic process	IMP	2	GO:0003016	respiratory system process	IMP	3	GO:0048008	platelet-derived growth factor receptor signaling pathway	IMP	33	GO:0048705	skeletal system morphogenesis	IMP	28	GO:0048745	smooth muscle tissue development	IMP	15	GO:0001701	in utero embryonic development	IMP	10	GO:0006355	regulation of transcription, DNA-dependent	IMP	1	GO:0040014	regulation of multicellular organism growth	IMP	6	GO:0035166	post-embryonic hemopoiesis	IMP	3
22	22	9242408	Cloning and characterization of a mammalian proton-coupled metal-ion transporter.	1997	Nature	14	7	1	0	22	0	0	0	0	GO:0005381	iron ion transmembrane transporter activity	IDA	1	GO:0071421	manganese ion transmembrane transport	IDA	1	GO:0005384	manganese ion transmembrane transporter activity	IDA	1	GO:0070574	cadmium ion transmembrane transport	IDA	1	GO:0016151	nickel cation binding	IDA	1	GO:0016021	integral to membrane	IDA	1	GO:0005506	iron ion binding	IDA	1	GO:0008270	zinc ion binding	IDA	1	GO:0005507	copper ion binding	IDA	1	GO:0006824	cobalt ion transport	IDA	1	GO:0050897	cobalt ion binding	IDA	1	GO:0046870	cadmium ion binding	IDA	1	GO:0015094	lead ion transmembrane transporter activity	IDA	1	GO:0034755	iron ion transmembrane transport	IDA	1	GO:0015099	nickel cation transmembrane transporter activity	IDA	1	GO:0005375	copper ion transmembrane transporter activity	IDA	1	GO:0030145	manganese ion binding	IDA	1	GO:0015086	cadmium ion transmembrane transporter activity	IDA	1	GO:0015087	cobalt ion transmembrane transporter activity	IDA	1	GO:0015692	lead ion transport	IDA	1	GO:0035434	copper ion transmembrane transport	IDA	1	GO:0035444	nickel cation transmembrane transport	IDA	1
22	112	18809582	Nucleophosmin serves as a rate-limiting nuclear export chaperone for the Mammalian ribosome.	2008	Molecular and cellular biology	7	53	52	0	87	0	7	18	0	GO:0006407	rRNA export from nucleus	IDA	2	GO:0000056	ribosomal small subunit export from nucleus	IDA	5	GO:0000055	ribosomal large subunit export from nucleus	IMP	5	GO:0005829	cytosol	IDA	5	GO:0043023	ribosomal large subunit binding	IDA	1	GO:0008284	positive regulation of cell proliferation	IDA	5	GO:0051259	protein oligomerization	IDA	1	GO:0005654	nucleoplasm	IDA	5	GO:0006407	rRNA export from nucleus	IMP	3	GO:0006884	cell volume homeostasis	IDA	5	GO:0009303	rRNA transcription	IGI	7	GO:0015934	large ribosomal subunit	IDA	5	GO:0042273	ribosomal large subunit biogenesis	IMP	5	GO:0016049	cell growth	IDA	5	GO:0030529	ribonucleoprotein complex	IDA	24	GO:0005730	nucleolus	IDA	6	GO:0015935	small ribosomal subunit	IDA	5	GO:0019843	rRNA binding	IDA	5	GO:0043024	ribosomal small subunit binding	IDA	1	GO:0042274	ribosomal small subunit biogenesis	IMP	5	GO:0005634	nucleus	IDA	1	GO:0005737	cytoplasm	IDA	1	GO:0031328	positive regulation of cellular biosynthetic process	IDA	5
22	44	17109629	Functional properties of multiple isoforms of human divalent metal-ion transporter 1 (DMT1).	2007	The Biochemical journal	21	19	4	0	43	1	0	0	0	GO:0071421	manganese ion transmembrane transport	IDA	2	GO:0005384	manganese ion transmembrane transporter activity	IDA	2	GO:0071577	zinc ion transmembrane transport	IDA	1	GO:0070835	chromium ion transmembrane transporter activity	IDA	1	GO:0015093	ferrous iron transmembrane transporter activity	IDA	4	GO:0070574	cadmium ion transmembrane transport	IDA	2	GO:0015085	calcium ion transmembrane transporter activity	IDA	1	GO:0015676	vanadium ion transport	IDA	2	GO:0015295	solute:hydrogen symporter activity	IDA	1	GO:0010039	response to iron ion	IEP	1	GO:0006824	cobalt ion transport	IDA	2	GO:0015992	proton transport	IDA	1	GO:0015094	lead ion transmembrane transporter activity	IDA	2	GO:0005385	zinc ion transmembrane transporter activity	IDA	2	GO:0015099	nickel cation transmembrane transporter activity	IDA	2	GO:0070627	ferrous iron import	IDA	4	GO:0015692	lead ion transport	IDA	2	GO:0015086	cadmium ion transmembrane transporter activity	IDA	2	GO:0015100	vanadium ion transmembrane transporter activity	IDA	2	GO:0015087	cobalt ion transmembrane transporter activity	IDA	2	GO:0005886	plasma membrane	IDA	4	GO:0035444	nickel cation transmembrane transport	IDA	2
22	93	16601693	Axin is a scaffold protein in TGF-beta signaling that promotes degradation of Smad7 by Arkadia.	2006	The EMBO journal	42	36	15	0	39	0	2	15	37	GO:0030512	negative regulation of transforming growth factor beta receptor signaling pathway	IDA	4	GO:0005515	protein binding	IPI	18	GO:0030579	ubiquitin-dependent SMAD protein catabolic process	IDA	5	GO:0045893	positive regulation of transcription, DNA-dependent	IDA	2	GO:0000209	protein polyubiquitination	IMP	1	GO:0032947	protein complex scaffold	IMP	2	GO:0030579	ubiquitin-dependent SMAD protein catabolic process	IMP	1	GO:0030511	positive regulation of transforming growth factor beta receptor signaling pathway	IGI	1	GO:0004842	ubiquitin-protein ligase activity	IMP	2	GO:0070411	I-SMAD binding	IPI	9	GO:2000060	positive regulation of protein ubiquitination involved in ubiquitin-dependent protein catabolic process	IDA	1	GO:0000209	protein polyubiquitination	IDA	2	GO:0043623	cellular protein complex assembly	IDA	1	GO:0070411	I-SMAD binding	IDA	1	GO:0070412	R-SMAD binding	IPI	1	GO:0043393	regulation of protein binding	IMP	4	GO:0032436	positive regulation of proteasomal ubiquitin-dependent protein catabolic process	IDA	1	GO:0031625	ubiquitin protein ligase binding	IPI	9	GO:0031398	positive regulation of protein ubiquitination	IDA	1	GO:0043234	protein complex	IDA	6	GO:0030511	positive regulation of transforming growth factor beta receptor signaling pathway	IDA	2	GO:2000059	negative regulation of protein ubiquitination involved in ubiquitin-dependent protein catabolic process	IDA	4	GO:0000209	protein polyubiquitination	IGI	1	GO:0016567	protein ubiquitination	IMP	1	GO:0051443	positive regulation of ubiquitin-protein ligase activity	IMP	2	GO:0045893	positive regulation of transcription, DNA-dependent	IMP	2	GO:0005634	nucleus	IDA	6	GO:0005737	cytoplasm	IDA	3
21	106	20838651	A global census of fission yeast deubiquitinating enzyme localization and interaction networks reveals distinct compartmentalization profiles and overlapping functions in endocytosis and polarity.	2010	PLoS biology	34	33	39	0	77	0	6	7	16	GO:0005768	endosome	IDA	2	GO:0005515	protein binding	IPI	16	GO:0016579	protein deubiquitination	IDA	20	GO:0004843	ubiquitin-specific protease activity	IDA	18	GO:0034613	cellular protein localization	IGI	6	GO:0051286	cell tip	IDA	1	GO:0005794	Golgi apparatus	IDA	1	GO:2000158	positive regulation of ubiquitin-specific protease activity	IMP	2	GO:0000502	proteasome complex	IDA	6	GO:0006897	endocytosis	IMP	4	GO:0005730	nucleolus	IDA	1	GO:0000124	SAGA complex	IDA	1	GO:0005654	nucleoplasm	IDA	2	GO:0005783	endoplasmic reticulum	IDA	1	GO:0005634	nucleus	IDA	5	GO:2000157	negative regulation of ubiquitin-specific protease activity	IMP	1	GO:0032153	cell division site	IDA	4	GO:0005739	mitochondrion	IDA	1	GO:0005737	cytoplasm	IDA	8	GO:0034399	nuclear periphery	IDA	2	GO:0030133	transport vesicle	IDA	4
21	1800	14562095	Global analysis of protein localization in budding yeast.	2003	Nature	0	0	1800	0	1800	0	0	0	0	GO:0005816	spindle pole body	IDA	5	GO:0000324	fungal-type vacuole	IDA	55	GO:0005935	cellular bud neck	IDA	22	GO:0005794	Golgi apparatus	IDA	3	GO:0000329	fungal-type vacuole membrane	IDA	24	GO:0034399	nuclear periphery	IDA	1	GO:0005768	endosome	IDA	14	GO:0005730	nucleolus	IDA	44	GO:0005739	mitochondrion	IDA	177	GO:0030137	COPI-coated vesicle	IDA	10	GO:0015629	actin cytoskeleton	IDA	1	GO:0005811	lipid particle	IDA	9	GO:0005829	cytosol	IDA	2	GO:0015630	microtubule cytoskeleton	IDA	1	GO:0030136	clathrin-coated vesicle	IDA	16	GO:0005783	endoplasmic reticulum	IDA	94	GO:0005634	nucleus	IDA	488	GO:0005777	peroxisome	IDA	3	GO:0005737	cytoplasm	IDA	825	GO:0005933	cellular bud	IDA	5	GO:0005886	plasma membrane	IDA	1
21	2216	12529635	Systematic functional analysis of the Caenorhabditis elegans genome using RNAi.	2003	Nature	0	2216	0	0	0	0	0	2216	0	GO:0040007	growth	IMP	16	GO:0040032	post-embryonic body morphogenesis	IMP	1	GO:0018991	oviposition	IMP	62	GO:0040010	positive regulation of growth rate	IMP	456	GO:0045132	meiotic chromosome segregation	IMP	5	GO:0040026	positive regulation of vulval development	IMP	1	GO:0040011	locomotion	IMP	228	GO:0040002	collagen and cuticulin-based cuticle development	IMP	10	GO:0018996	molting cycle, collagen and cuticulin-based cuticle	IMP	26	GO:0040017	positive regulation of locomotion	IMP	29	GO:0042592	homeostatic process	IMP	1	GO:0002009	morphogenesis of an epithelium	IMP	69	GO:0010171	body morphogenesis	IMP	157	GO:0009792	embryo development ending in birth or egg hatching	IMP	568	GO:0040018	positive regulation of multicellular organism growth	IMP	19	GO:0040035	hermaphrodite genitalia development	IMP	74	GO:0000003	reproduction	IMP	282	GO:0002119	nematode larval development	IMP	133	GO:0040027	negative regulation of vulval development	IMP	9	GO:0040015	negative regulation of multicellular organism growth	IMP	25	GO:0008340	determination of adult lifespan	IMP	45
20	20	21511949	Identification of SLC38A7 (SNAT7) protein as a glutamine transporter expressed in neurons.	2011	The Journal of biological chemistry	9	9	2	0	20	0	0	0	0	GO:0005313	L-glutamate transmembrane transporter activity	IDA	1	GO:0015194	L-serine transmembrane transporter activity	IDA	1	GO:0006867	asparagine transport	IDA	1	GO:0015182	L-asparagine transmembrane transporter activity	IDA	1	GO:0015820	leucine transport	IDA	1	GO:0015183	L-aspartate transmembrane transporter activity	IDA	1	GO:0006814	sodium ion transport	IDA	1	GO:0015186	L-glutamine transmembrane transporter activity	IDA	1	GO:0043025	neuronal cell body	IDA	1	GO:0015810	aspartate transport	IDA	1	GO:0030424	axon	IDA	1	GO:0006868	glutamine transport	IDA	1	GO:0015813	L-glutamate transport	IDA	1	GO:0015808	L-alanine transport	IDA	1	GO:0015180	L-alanine transmembrane transporter activity	IDA	1	GO:0015191	L-methionine transmembrane transporter activity	IDA	1	GO:0015190	L-leucine transmembrane transporter activity	IDA	1	GO:0015825	L-serine transport	IDA	1	GO:0005290	L-histidine transmembrane transporter activity	IDA	1	GO:0015817	histidine transport	IDA	1
20	20	20657843	Importance of non-selective cation channel TRPV4 interaction with cytoskeleton and their reciprocal regulations in cultured cells.	2010	PloS one	6	7	7	0	20	0	0	0	0	GO:0007015	actin filament organization	IDA	1	GO:0030175	filopodium	IDA	1	GO:0008017	microtubule binding	IDA	1	GO:0031117	positive regulation of microtubule depolymerization	IDA	1	GO:0005262	calcium channel activity	IDA	1	GO:0070509	calcium ion import	IDA	1	GO:0048487	beta-tubulin binding	IDA	1	GO:0005080	protein kinase C binding	IDA	1	GO:0043014	alpha-tubulin binding	IDA	1	GO:0032587	ruffle membrane	IDA	1	GO:0046785	microtubule polymerization	IDA	1	GO:0031532	actin cytoskeleton reorganization	IDA	1	GO:0030027	lamellipodium	IDA	1	GO:0030426	growth cone	IDA	1	GO:0043622	cortical microtubule organization	IDA	1	GO:0005881	cytoplasmic microtubule	IDA	1	GO:0030864	cortical actin cytoskeleton	IDA	1	GO:0051015	actin filament binding	IDA	1	GO:0010977	negative regulation of neuron projection development	IDA	1	GO:0005925	focal adhesion	IDA	1
20	59	1914521	Chromosomal assignments of 23 biochemical loci of the rat by using rat x mouse somatic cell hybrids.	1991	Cytogenetics and cell genetics	56	3	0	0	59	0	0	0	0	GO:0004069	L-aspartate:2-oxoglutarate aminotransferase activity	IDA	2	GO:0004563	beta-N-acetylhexosaminidase activity	IDA	2	GO:0004565	beta-galactosidase activity	IDA	5	GO:0003993	acid phosphatase activity	IDA	10	GO:0004450	isocitrate dehydrogenase (NADP+) activity	IDA	3	GO:0004731	purine-nucleoside phosphorylase activity	IDA	2	GO:0004000	adenosine deaminase activity	IDA	2	GO:0003955	NAD(P)H dehydrogenase (quinone) activity	IDA	2	GO:0016791	phosphatase activity	IDA	3	GO:0004462	lactoylglutathione lyase activity	IDA	2	GO:0003939	L-iditol 2-dehydrogenase activity	IDA	1	GO:0016311	dephosphorylation	IDA	3	GO:0004459	L-lactate dehydrogenase activity	IDA	2	GO:0016462	pyrophosphatase activity	IDA	3	GO:0004416	hydroxyacylglutathione hydrolase activity	IDA	6	GO:0047429	nucleoside-triphosphate diphosphatase activity	IDA	2	GO:0016788	hydrolase activity, acting on ester bonds	IDA	1	GO:0004566	beta-glucuronidase activity	IDA	5	GO:0008233	peptidase activity	IDA	1	GO:0004558	alpha-glucosidase activity	IDA	2
20	40	19029245	The protein phosphatase 2A regulatory subunits B'beta and B'delta mediate sustained TrkA neurotrophin receptor autophosphorylation and neuronal differentiation.	2009	Molecular and cellular biology	10	28	2	0	20	0	0	12	8	GO:0005515	protein binding	IPI	8	GO:0031952	regulation of protein autophosphorylation	IDA	2	GO:0046983	protein dimerization activity	IMP	1	GO:0071158	positive regulation of cell cycle arrest	IDA	1	GO:0051388	positive regulation of nerve growth factor receptor signaling pathway	IDA	2	GO:0031334	positive regulation of protein complex assembly	IDA	1	GO:0010976	positive regulation of neuron projection development	IDA	2	GO:0051091	positive regulation of sequence-specific DNA binding transcription factor activity	IDA	2	GO:0031954	positive regulation of protein autophosphorylation	IDA	1	GO:0042176	regulation of protein catabolic process	IMP	1	GO:0045944	positive regulation of transcription from RNA polymerase II promoter	IMP	2	GO:0050730	regulation of peptidyl-tyrosine phosphorylation	IMP	1	GO:0004713	protein tyrosine kinase activity	IDA	1	GO:0046579	positive regulation of Ras protein signal transduction	IMP	2	GO:0071363	cellular response to growth factor stimulus	IDA	3	GO:0009986	cell surface	IDA	2	GO:0010469	regulation of receptor activity	IMP	2	GO:0045944	positive regulation of transcription from RNA polymerase II promoter	IDA	1	GO:0031952	regulation of protein autophosphorylation	IMP	1	GO:0051388	positive regulation of nerve growth factor receptor signaling pathway	IMP	1	GO:0070317	negative regulation of G0 to G1 transition	IDA	1	GO:0070208	protein heterotrimerization	IMP	1	GO:0046777	protein autophosphorylation	IDA	1
20	30	18694567	Mouse maelstrom, a component of nuage, is essential for spermatogenesis and transposon repression in meiosis.	2008	Developmental cell	0	20	10	0	10	0	0	20	0	GO:0007283	spermatogenesis	IMP	1	GO:0000800	lateral element	IDA	5	GO:0007128	meiotic prophase I	IMP	1	GO:0048471	perinuclear region of cytoplasm	IDA	1	GO:0043186	P granule	IDA	1	GO:0031047	gene silencing by RNA	IMP	1	GO:0046620	regulation of organ growth	IMP	1	GO:0000122	negative regulation of transcription from RNA polymerase II promoter	IMP	1	GO:0006974	response to DNA damage stimulus	IMP	1	GO:0007140	male meiosis	IMP	1	GO:0000785	chromatin	IDA	1	GO:0043066	negative regulation of apoptotic process	IMP	1	GO:0007141	male meiosis I	IMP	4	GO:0001741	XY body	IDA	1	GO:0034587	piRNA metabolic process	IMP	1	GO:0000238	zygotene	IMP	4	GO:0005634	nucleus	IDA	1	GO:0009566	fertilization	IMP	1	GO:0000902	cell morphogenesis	IMP	1	GO:0007129	synapsis	IMP	1
20	78	18604197	IQGAP3 regulates cell proliferation through the Ras/ERK signalling cascade.	2008	Nature cell biology	22	25	31	0	41	0	0	18	19	GO:0000187	activation of MAPK activity	IMP	2	GO:0005634	nucleus	IDA	2	GO:0016328	lateral plasma membrane	IDA	6	GO:0005515	protein binding	IPI	13	GO:0005902	microvillus	IDA	2	GO:0010629	negative regulation of gene expression	IMP	2	GO:0007265	Ras protein signal transduction	IMP	2	GO:0001934	positive regulation of protein phosphorylation	IMP	2	GO:0008361	regulation of cell size	IMP	2	GO:0033598	mammary gland epithelial cell proliferation	IDA	3	GO:0000082	G1/S transition of mitotic cell cycle	IMP	2	GO:0017048	Rho GTPase binding	IPI	2	GO:0048365	Rac GTPase binding	IPI	4	GO:0005525	GTP binding	IDA	3	GO:0071310	cellular response to organic substance	IDA	4	GO:0070371	ERK1 and ERK2 cascade	IMP	2	GO:0005911	cell-cell junction	IDA	15	GO:0010628	positive regulation of gene expression	IMP	2	GO:0005737	cytoplasm	IDA	6	GO:0033601	positive regulation of mammary gland epithelial cell proliferation	IMP	2
20	62	15467718	Mammalian TOR complex 2 controls the actin cytoskeleton and is rapamycin insensitive.	2004	Nature cell biology	22	36	4	0	31	0	0	17	14	GO:0031929	TOR signaling cascade	IMP	1	GO:0005515	protein binding	IPI	14	GO:0046777	protein autophosphorylation	IDA	1	GO:0031932	TORC2 complex	IDA	2	GO:0008144	drug binding	IDA	6	GO:0031931	TORC1 complex	IDA	2	GO:0051496	positive regulation of stress fiber assembly	IDA	2	GO:0031529	ruffle organization	IDA	2	GO:0032956	regulation of actin cytoskeleton organization	IMP	3	GO:0010592	positive regulation of lamellipodium assembly	IDA	2	GO:0043200	response to amino acid stimulus	IDA	1	GO:0032008	positive regulation of TOR signaling cascade	IMP	2	GO:0030838	positive regulation of actin filament polymerization	IDA	1	GO:0005525	GTP binding	IDA	1	GO:0050731	positive regulation of peptidyl-tyrosine phosphorylation	IMP	4	GO:0030838	positive regulation of actin filament polymerization	IMP	3	GO:0001933	negative regulation of protein phosphorylation	IDA	6	GO:0032314	regulation of Rac GTPase activity	IMP	4	GO:0004674	protein serine/threonine kinase activity	IDA	1	GO:0032868	response to insulin stimulus	IDA	1	GO:0018108	peptidyl-tyrosine phosphorylation	IDA	3
20	466	11256614	Systematic subcellular localization of novel proteins identified by large-scale cDNA sequencing.	2000	EMBO reports	0	0	466	0	466	0	0	0	0	GO:0005622	intracellular	IDA	69	GO:0005813	centrosome	IDA	4	GO:0005856	cytoskeleton	IDA	1	GO:0005635	nuclear envelope	IDA	6	GO:0005794	Golgi apparatus	IDA	13	GO:0015630	microtubule cytoskeleton	IDA	10	GO:0005764	lysosome	IDA	2	GO:0005768	endosome	IDA	7	GO:0005739	mitochondrion	IDA	45	GO:0015629	actin cytoskeleton	IDA	6	GO:0005730	nucleolus	IDA	16	GO:0016607	nuclear speck	IDA	6	GO:0005783	endoplasmic reticulum	IDA	51	GO:0005634	nucleus	IDA	79	GO:0005777	peroxisome	IDA	1	GO:0005925	focal adhesion	IDA	1	GO:0005737	cytoplasm	IDA	91	GO:0043234	protein complex	IDA	18	GO:0005886	plasma membrane	IDA	25	GO:0030133	transport vesicle	IDA	15
19	30	22019888	Suppression of bone formation by osteoclastic expression of semaphorin 4D.	2011	Nature medicine	6	23	1	0	6	0	0	19	5	GO:0030215	semaphorin receptor binding	IPI	1	GO:0032794	GTPase activating protein binding	IPI	2	GO:0071526	semaphorin-plexin signaling pathway	IMP	1	GO:0000122	negative regulation of transcription from RNA polymerase II promoter	IMP	1	GO:0006357	regulation of transcription from RNA polymerase II promoter	IMP	1	GO:0030335	positive regulation of cell migration	IDA	1	GO:0005615	extracellular space	IDA	1	GO:0000122	negative regulation of transcription from RNA polymerase II promoter	IDA	1	GO:0061383	trabecula morphogenesis	IMP	3	GO:0032321	positive regulation of Rho GTPase activity	IMP	3	GO:0050732	negative regulation of peptidyl-tyrosine phosphorylation	IDA	1	GO:0001934	positive regulation of protein phosphorylation	IMP	1	GO:0043931	ossification involved in bone maturation	IMP	4	GO:0010693	negative regulation of alkaline phosphatase activity	IDA	1	GO:0045668	negative regulation of osteoblast differentiation	IMP	1	GO:0010693	negative regulation of alkaline phosphatase activity	IMP	1	GO:0017154	semaphorin receptor activity	IMP	1	GO:0050731	positive regulation of peptidyl-tyrosine phosphorylation	IDA	1	GO:0005515	protein binding	IPI	2	GO:0033689	negative regulation of osteoblast proliferation	IMP	1	GO:0033688	regulation of osteoblast proliferation	IMP	1
19	27	19915011	GLP-1 mediates antiapoptotic effect by phosphorylating Bad through a beta-arrestin 1-mediated ERK1/2 activation in pancreatic beta-cells.	2010	The Journal of biological chemistry	4	21	2	0	18	0	0	8	1	GO:0005515	protein binding	IPI	1	GO:0033138	positive regulation of peptidyl-serine phosphorylation	IMP	1	GO:0032092	positive regulation of protein binding	IMP	1	GO:0031434	mitogen-activated protein kinase kinase binding	IDA	1	GO:0043066	negative regulation of apoptotic process	IDA	2	GO:0035774	positive regulation of insulin secretion involved in cellular response to glucose stimulus	IMP	1	GO:0010800	positive regulation of peptidyl-threonine phosphorylation	IDA	1	GO:0033138	positive regulation of peptidyl-serine phosphorylation	IDA	2	GO:0045860	positive regulation of protein kinase activity	IDA	1	GO:0005829	cytosol	IDA	1	GO:0043154	negative regulation of cysteine-type endopeptidase activity involved in apoptotic process	IMP	1	GO:0045767	regulation of anti-apoptosis	IMP	1	GO:0090280	positive regulation of calcium ion import	IDA	1	GO:0070374	positive regulation of ERK1 and ERK2 cascade	IDA	2	GO:0030819	positive regulation of cAMP biosynthetic process	IDA	1	GO:0006919	activation of cysteine-type endopeptidase activity involved in apoptotic process	IDA	1	GO:0032092	positive regulation of protein binding	IDA	2	GO:0070374	positive regulation of ERK1 and ERK2 cascade	IMP	1	GO:0035774	positive regulation of insulin secretion involved in cellular response to glucose stimulus	IDA	1	GO:0008656	cysteine-type endopeptidase activator activity involved in apoptotic process	IDA	1	GO:0043027	cysteine-type endopeptidase inhibitor activity involved in apoptotic process	IMP	1	GO:0010737	protein kinase A signaling cascade	IMP	1	GO:0005737	cytoplasm	IDA	1
19	107	19056892	A functional link between Wnt signaling and SKP2-independent p27 turnover in mammary tumors.	2008	Genes & development	14	91	2	0	89	0	2	16	0	GO:0045750	positive regulation of S phase of mitotic cell cycle	IMP	6	GO:0071407	cellular response to organic cyclic compound	IDA	2	GO:0051091	positive regulation of sequence-specific DNA binding transcription factor activity	IDA	3	GO:0071236	cellular response to antibiotic	IDA	2	GO:0000086	G2/M transition of mitotic cell cycle	IGI	2	GO:0045893	positive regulation of transcription, DNA-dependent	IDA	9	GO:0000122	negative regulation of transcription from RNA polymerase II promoter	IDA	5	GO:0000086	G2/M transition of mitotic cell cycle	IMP	2	GO:0051246	regulation of protein metabolic process	IMP	3	GO:0071158	positive regulation of cell cycle arrest	IDA	3	GO:0045899	positive regulation of RNA polymerase II transcriptional preinitiation complex assembly	IDA	3	GO:0071285	cellular response to lithium ion	IDA	1	GO:0016055	Wnt receptor signaling pathway	IDA	35	GO:0045732	positive regulation of protein catabolic process	IDA	1	GO:0005634	nucleus	IDA	2	GO:0010971	positive regulation of G2/M transition of mitotic cell cycle	IDA	3	GO:0032434	regulation of proteasomal ubiquitin-dependent protein catabolic process	IDA	3	GO:0006511	ubiquitin-dependent protein catabolic process	IMP	2	GO:0032434	regulation of proteasomal ubiquitin-dependent protein catabolic process	IMP	3	GO:0044212	transcription regulatory region DNA binding	IDA	14	GO:0007050	cell cycle arrest	IDA	3
19	22	18625725	Transforming growth factor beta engages TACE and ErbB3 to activate phosphatidylinositol-3 kinase/Akt in ErbB2-overexpressing breast cancer and desensitizes cells to trastuzumab.	2008	Molecular and cellular biology	3	18	1	0	13	0	0	8	1	GO:0043406	positive regulation of MAP kinase activity	IDA	1	GO:0009986	cell surface	IDA	1	GO:0033138	positive regulation of peptidyl-serine phosphorylation	IDA	1	GO:0051272	positive regulation of cellular component movement	IMP	2	GO:0046332	SMAD binding	IDA	1	GO:0005024	transforming growth factor beta-activated receptor activity	IMP	1	GO:0010628	positive regulation of gene expression	IDA	1	GO:0001934	positive regulation of protein phosphorylation	IMP	1	GO:0007173	epidermal growth factor receptor signaling pathway	IDA	1	GO:0030511	positive regulation of transforming growth factor beta receptor signaling pathway	IMP	1	GO:0030307	positive regulation of cell growth	IDA	1	GO:0048870	cell motility	IMP	2	GO:0051897	positive regulation of protein kinase B signaling cascade	IDA	2	GO:0043552	positive regulation of phosphatidylinositol 3-kinase activity	IDA	1	GO:0000186	activation of MAPKK activity	IDA	1	GO:0060389	pathway-restricted SMAD protein phosphorylation	IDA	1	GO:0010800	positive regulation of peptidyl-threonine phosphorylation	IDA	1	GO:0005515	protein binding	IPI	1	GO:0045885	positive regulation of survival gene product expression	IMP	1
19	35	17447164	Effect of anabolic steroid nandrolone decanoate on the properties of certain enzymes in the heart, liver, and muscle of rats, and their effect on rats' cardiac electrophysiology.	2007	Hormone and metabolic research = Hormon- und Stoffwechselforschung = Hormones et metabolisme	17	10	8	0	35	0	0	0	0	GO:0006089	lactate metabolic process	IDA	2	GO:0004470	malic enzyme activity	IDA	1	GO:0006108	malate metabolic process	IDA	1	GO:0004616	phosphogluconate dehydrogenase (decarboxylating) activity	IDA	1	GO:0051287	NAD binding	IDA	3	GO:0050661	NADP binding	IDA	4	GO:0030060	L-malate dehydrogenase activity	IDA	1	GO:0004802	transketolase activity	IDA	1	GO:0004450	isocitrate dehydrogenase (NADP+) activity	IDA	1	GO:0004459	L-lactate dehydrogenase activity	IDA	2	GO:0005536	glucose binding	IDA	1	GO:0006107	oxaloacetate metabolic process	IDA	1	GO:0005625	soluble fraction	IDA	8	GO:0006102	isocitrate metabolic process	IDA	1	GO:0051156	glucose 6-phosphate metabolic process	IDA	1	GO:0031406	carboxylic acid binding	IDA	1	GO:0019521	D-gluconate metabolic process	IDA	1	GO:0019674	NAD metabolic process	IDA	3	GO:0004345	glucose-6-phosphate dehydrogenase activity	IDA	1
19	426	16989802	Levels of mesenchymal FGFR2 signaling modulate smooth muscle progenitor cell commitment in the lung.	2006	Developmental biology	0	416	10	0	10	0	48	368	0	GO:0060915	mesenchymal cell differentiation involved in lung development	IGI	24	GO:0045944	positive regulation of transcription from RNA polymerase II promoter	IMP	23	GO:0060449	bud elongation involved in lung branching	IMP	23	GO:0005856	cytoskeleton	IDA	1	GO:0070372	regulation of ERK1 and ERK2 cascade	IMP	23	GO:0060348	bone development	IMP	23	GO:0000122	negative regulation of transcription from RNA polymerase II promoter	IMP	23	GO:0030177	positive regulation of Wnt receptor signaling pathway	IMP	23	GO:0051150	regulation of smooth muscle cell differentiation	IMP	23	GO:0060463	lung lobe morphogenesis	IMP	23	GO:0048286	lung alveolus development	IGI	24	GO:0060916	mesenchymal cell proliferation involved in lung development	IMP	23	GO:0010453	regulation of cell fate commitment	IMP	23	GO:0060484	lung-associated mesenchyme development	IMP	23	GO:0040036	regulation of fibroblast growth factor receptor signaling pathway	IMP	23	GO:0009791	post-embryonic development	IMP	23	GO:0005634	nucleus	IDA	9	GO:0060501	positive regulation of epithelial cell proliferation involved in lung morphogenesis	IMP	23	GO:0048286	lung alveolus development	IMP	23	GO:0035264	multicellular organism growth	IMP	23
19	6560	16823372	ORFeome cloning and global analysis of protein localization in the fission yeast Schizosaccharomyces pombe.	2006	Nature biotechnology	0	0	6560	0	6560	0	0	0	0	GO:0005816	spindle pole body	IDA	191	GO:0005730	nucleolus	IDA	223	GO:0005789	endoplasmic reticulum membrane	IDA	2	GO:0005635	nuclear envelope	IDA	82	GO:0000324	fungal-type vacuole	IDA	37	GO:0000329	fungal-type vacuole membrane	IDA	47	GO:0005794	Golgi apparatus	IDA	232	GO:0005739	mitochondrion	IDA	449	GO:0005628	prospore membrane	IDA	2	GO:0005829	cytosol	IDA	2208	GO:0015630	microtubule cytoskeleton	IDA	8	GO:0005783	endoplasmic reticulum	IDA	463	GO:0005634	nucleus	IDA	1999	GO:0005819	spindle	IDA	35	GO:0032153	cell division site	IDA	223	GO:0031966	mitochondrial membrane	IDA	1	GO:0005737	cytoplasm	IDA	230	GO:0051286	cell tip	IDA	118	GO:0005938	cell cortex	IDA	10
19	65	16387653	ING tumor suppressor proteins are critical regulators of chromatin acetylation required for genome expression and perpetuation.	2006	Molecular cell	3	45	17	0	63	0	0	0	2	GO:0006260	DNA replication	IDA	3	GO:0005515	protein binding	IPI	2	GO:0016580	Sin3 complex	IDA	1	GO:0043982	histone H4-K8 acetylation	IDA	6	GO:0043983	histone H4-K12 acetylation	IDA	6	GO:0045893	positive regulation of transcription, DNA-dependent	IDA	1	GO:0006978	DNA damage response, signal transduction by p53 class mediator resulting in transcription of p21 class mediator	IDA	1	GO:0000123	histone acetyltransferase complex	IDA	5	GO:0003713	transcription coactivator activity	IDA	1	GO:0005730	nucleolus	IDA	2	GO:0043065	positive regulation of apoptotic process	IDA	2	GO:0035267	NuA4 histone acetyltransferase complex	IDA	2	GO:0043967	histone H4 acetylation	IDA	1	GO:0043981	histone H4-K5 acetylation	IDA	6	GO:0070776	MOZ/MORF histone acetyltransferase complex	IDA	7	GO:0044154	histone H3-K14 acetylation	IDA	1	GO:0043984	histone H4-K16 acetylation	IDA	6	GO:0043968	histone H2A acetylation	IDA	1	GO:0043966	histone H3 acetylation	IDA	11
19	5598	14551910	Genome-wide RNAi of C. elegans using the hypersensitive rrf-3 strain reveals novel gene functions.	2003	PLoS biology	0	5598	0	0	0	0	0	5598	0	GO:0040007	growth	IMP	744	GO:0040032	post-embryonic body morphogenesis	IMP	1	GO:0040017	positive regulation of locomotion	IMP	50	GO:0040010	positive regulation of growth rate	IMP	774	GO:0040018	positive regulation of multicellular organism growth	IMP	68	GO:0040002	collagen and cuticulin-based cuticle development	IMP	23	GO:0018996	molting cycle, collagen and cuticulin-based cuticle	IMP	9	GO:0018991	oviposition	IMP	67	GO:0002009	morphogenesis of an epithelium	IMP	124	GO:0010171	body morphogenesis	IMP	264	GO:0009792	embryo development ending in birth or egg hatching	IMP	1094	GO:0040013	negative regulation of locomotion	IMP	1	GO:0040011	locomotion	IMP	800	GO:0040035	hermaphrodite genitalia development	IMP	273	GO:0000003	reproduction	IMP	354	GO:0002119	nematode larval development	IMP	908	GO:0040027	negative regulation of vulval development	IMP	4	GO:0040015	negative regulation of multicellular organism growth	IMP	29	GO:0008340	determination of adult lifespan	IMP	11
19	39	10734056	Regulation of the human chemokine receptor CCR1. Cross-regulation by CXCR1 and CXCR2.	2000	The Journal of biological chemistry	12	26	1	0	37	0	0	0	2	GO:0005622	intracellular	IDA	1	GO:0006468	protein phosphorylation	IDA	3	GO:0007204	elevation of cytosolic calcium ion concentration	IDA	1	GO:0071791	chemokine (C-C motif) ligand 5 binding	IPI	1	GO:0006955	immune response	IDA	1	GO:0031726	CCR1 chemokine receptor binding	IPI	1	GO:0007166	cell surface receptor linked signaling pathway	IDA	2	GO:0004918	interleukin-8 receptor activity	IDA	1	GO:0006874	cellular calcium ion homeostasis	IDA	3	GO:0006816	calcium ion transport	IDA	4	GO:0006887	exocytosis	IDA	4	GO:0007267	cell-cell signaling	IDA	2	GO:0016004	phospholipase activator activity	IDA	3	GO:0004672	protein kinase activity	IDA	3	GO:0031623	receptor internalization	IDA	3	GO:0045744	negative regulation of G-protein coupled receptor protein signaling pathway	IDA	2	GO:0016493	C-C chemokine receptor activity	IDA	1	GO:0004435	phosphatidylinositol phospholipase C activity	IDA	2	GO:0035556	intracellular signal transduction	IDA	1
18	50	8702598	Rat brain contains high levels of mannose-6-phosphorylated glycoproteins including lysosomal enzymes and palmitoyl-protein thioesterase, an enzyme implicated in infantile neuronal lipofuscinosis.	1996	The Journal of biological chemistry	25	1	24	0	50	0	0	0	0	GO:0008233	peptidase activity	IDA	1	GO:0004175	endopeptidase activity	IDA	2	GO:0042277	peptide binding	IDA	5	GO:0004558	alpha-glucosidase activity	IDA	1	GO:0004557	alpha-galactosidase activity	IDA	1	GO:0005764	lysosome	IDA	11	GO:0015929	hexosaminidase activity	IDA	1	GO:0015928	fucosidase activity	IDA	1	GO:0005529	sugar binding	IDA	4	GO:0004177	aminopeptidase activity	IDA	1	GO:0005537	mannose binding	IDA	2	GO:0004567	beta-mannosidase activity	IDA	1	GO:0006508	proteolysis	IDA	1	GO:0005625	soluble fraction	IDA	13	GO:0004559	alpha-mannosidase activity	IDA	1	GO:0004566	beta-glucuronidase activity	IDA	1	GO:0016936	galactoside binding	IDA	2	GO:0004565	beta-galactosidase activity	IDA	1
18	56	7323947	Confirmational, provisional, and/or regional assignment of 15 enzyme loci onto Chinese hamster autosomes 1, 2, and 7.	1981	Somatic cell genetics	54	2	0	0	56	0	0	0	0	GO:0004017	adenylate kinase activity	IDA	1	GO:0004616	phosphogluconate dehydrogenase (decarboxylating) activity	IDA	2	GO:0047429	nucleoside-triphosphate diphosphatase activity	IDA	2	GO:0004362	glutathione-disulfide reductase activity	IDA	2	GO:0004558	alpha-glucosidase activity	IDA	6	GO:0016788	hydrolase activity, acting on ester bonds	IDA	1	GO:0004731	purine-nucleoside phosphorylase activity	IDA	2	GO:0004462	lactoylglutathione lyase activity	IDA	2	GO:0004001	adenosine kinase activity	IDA	2	GO:0008108	UDP-glucose:hexose-1-phosphate uridylyltransferase activity	IDA	4	GO:0003999	adenine phosphoribosyltransferase activity	IDA	1	GO:0004450	isocitrate dehydrogenase (NADP+) activity	IDA	2	GO:0004459	L-lactate dehydrogenase activity	IDA	5	GO:0006167	AMP biosynthetic process	IDA	2	GO:0004347	glucose-6-phosphate isomerase activity	IDA	1	GO:0003993	acid phosphatase activity	IDA	10	GO:0004476	mannose-6-phosphate isomerase activity	IDA	3	GO:0004614	phosphoglucomutase activity	IDA	8
18	28	21712384	Silencer of death domains (SODD) inhibits skeletal muscle and kidney enriched inositol 5-phosphatase (SKIP) and regulates phosphoinositide 3-kinase (PI3K)/Akt signaling to the actin cytoskeleton.	2011	The Journal of biological chemistry	7	15	6	0	15	0	0	7	6	GO:0072659	protein localization in plasma membrane	IDA	1	GO:0005515	protein binding	IPI	6	GO:0045785	positive regulation of cell adhesion	IMP	1	GO:0048471	perinuclear region of cytoplasm	IDA	1	GO:0010763	positive regulation of fibroblast migration	IMP	1	GO:0051496	positive regulation of stress fiber assembly	IMP	1	GO:2001145	negative regulation of phosphatidylinositol-3,4,5-trisphosphate 5-phosphatase activity	IDA	1	GO:0097178	ruffle assembly	IMP	1	GO:0034485	phosphatidylinositol-3,4,5-trisphosphate 5-phosphatase activity	IDA	1	GO:0071364	cellular response to epidermal growth factor stimulus	IDA	3	GO:0005829	cytosol	IDA	2	GO:0016311	dephosphorylation	IDA	1	GO:0051897	positive regulation of protein kinase B signaling cascade	IMP	1	GO:0033138	positive regulation of peptidyl-serine phosphorylation	IMP	1	GO:0071356	cellular response to tumor necrosis factor	IDA	2	GO:0030838	positive regulation of actin filament polymerization	IMP	1	GO:0005634	nucleus	IDA	1	GO:0005886	plasma membrane	IDA	2
18	37	20551324	Erk5 activation elicits a vasoprotective endothelial phenotype via induction of Kruppel-like factor 4 (KLF4).	2010	The Journal of biological chemistry	0	37	0	0	14	0	10	13	0	GO:0034115	negative regulation of heterotypic cell-cell adhesion	IDA	1	GO:0045944	positive regulation of transcription from RNA polymerase II promoter	IGI	3	GO:2000342	negative regulation of chemokine (C-X-C motif) ligand 2 production	IMP	1	GO:0000122	negative regulation of transcription from RNA polymerase II promoter	IMP	1	GO:0071363	cellular response to growth factor stimulus	IGI	1	GO:0060761	negative regulation of response to cytokine stimulus	IGI	1	GO:0051247	positive regulation of protein metabolic process	IGI	3	GO:0051247	positive regulation of protein metabolic process	IMP	1	GO:2000343	positive regulation of chemokine (C-X-C motif) ligand 2 production	IDA	1	GO:0090051	negative regulation of cell migration involved in sprouting angiogenesis	IMP	1	GO:0043154	negative regulation of cysteine-type endopeptidase activity involved in apoptotic process	IMP	1	GO:0034115	negative regulation of heterotypic cell-cell adhesion	IMP	1	GO:0045415	negative regulation of interleukin-8 biosynthetic process	IDA	1	GO:0034116	positive regulation of heterotypic cell-cell adhesion	IDA	1	GO:0034115	negative regulation of heterotypic cell-cell adhesion	IGI	1	GO:0045415	negative regulation of interleukin-8 biosynthetic process	IMP	1	GO:0071363	cellular response to growth factor stimulus	IMP	1	GO:0000187	activation of MAPK activity	IMP	1	GO:0045944	positive regulation of transcription from RNA polymerase II promoter	IMP	1	GO:0043066	negative regulation of apoptotic process	IMP	1	GO:0032088	negative regulation of NF-kappaB transcription factor activity	IDA	1	GO:0060761	negative regulation of response to cytokine stimulus	IDA	1	GO:0043066	negative regulation of apoptotic process	IGI	1	GO:0032088	negative regulation of NF-kappaB transcription factor activity	IMP	1	GO:0045416	positive regulation of interleukin-8 biosynthetic process	IDA	1	GO:0071363	cellular response to growth factor stimulus	IDA	1	GO:0051092	positive regulation of NF-kappaB transcription factor activity	IDA	1	GO:0090050	positive regulation of cell migration involved in sprouting angiogenesis	IDA	1	GO:0060761	negative regulation of response to cytokine stimulus	IMP	1	GO:0043154	negative regulation of cysteine-type endopeptidase activity involved in apoptotic process	IDA	1	GO:0045944	positive regulation of transcription from RNA polymerase II promoter	IDA	1	GO:0000122	negative regulation of transcription from RNA polymerase II promoter	IDA	1	GO:2000342	negative regulation of chemokine (C-X-C motif) ligand 2 production	IDA	1
18	35	19015308	A point mutation in the murine Hem1 gene reveals an essential role for Hematopoietic protein 1 in lymphopoiesis and innate immunity.	2008	The Journal of experimental medicine	0	15	20	0	19	0	0	16	0	GO:0005622	intracellular	IDA	2	GO:0031209	SCAR complex	IMP	1	GO:0045579	positive regulation of B cell differentiation	IMP	1	GO:0043029	T cell homeostasis	IMP	1	GO:0060100	positive regulation of phagocytosis, engulfment	IMP	1	GO:0045648	positive regulation of erythrocyte differentiation	IMP	1	GO:0033630	positive regulation of cell adhesion mediated by integrin	IMP	1	GO:0042102	positive regulation of T cell proliferation	IMP	1	GO:0032715	negative regulation of interleukin-6 production	IMP	1	GO:0001782	B cell homeostasis	IMP	1	GO:0043372	positive regulation of CD4-positive, alpha-beta T cell differentiation	IMP	1	GO:0009897	external side of plasma membrane	IDA	17	GO:0002262	myeloid cell homeostasis	IMP	1	GO:0090023	positive regulation of neutrophil chemotaxis	IMP	1	GO:0045588	positive regulation of gamma-delta T cell differentiation	IMP	1	GO:0030838	positive regulation of actin filament polymerization	IMP	1	GO:0043378	positive regulation of CD8-positive, alpha-beta T cell differentiation	IMP	1	GO:0032700	negative regulation of interleukin-17 production	IMP	1
18	107	18462699	ER71 acts downstream of BMP, Notch, and Wnt signaling in blood and vessel progenitor specification.	2008	Cell stem cell	0	105	2	0	88	0	0	19	0	GO:0001701	in utero embryonic development	IMP	3	GO:0001706	endoderm formation	IDA	3	GO:0048617	embryonic foregut morphogenesis	IMP	1	GO:0001890	placenta development	IMP	3	GO:0030178	negative regulation of Wnt receptor signaling pathway	IDA	1	GO:0007219	Notch signaling pathway	IDA	3	GO:0010628	positive regulation of gene expression	IDA	3	GO:0048514	blood vessel morphogenesis	IMP	3	GO:0030514	negative regulation of BMP signaling pathway	IDA	2	GO:0045603	positive regulation of endothelial cell differentiation	IDA	3	GO:0006915	apoptotic process	IMP	3	GO:0009897	external side of plasma membrane	IDA	2	GO:0016055	Wnt receptor signaling pathway	IDA	3	GO:0030218	erythrocyte differentiation	IMP	3	GO:2000382	positive regulation of mesoderm development	IDA	3	GO:0023019	signal transduction involved in regulation of gene expression	IDA	57	GO:0010628	positive regulation of gene expression	IMP	3	GO:0060803	BMP signaling pathway involved in mesodermal cell fate specification	IDA	3	GO:0001707	mesoderm formation	IDA	5
18	31	17143272	Cdk5 regulates EphA4-mediated dendritic spine retraction through an ephexin1-dependent mechanism.	2007	Nature neuroscience	9	14	8	0	18	0	0	6	7	GO:0005515	protein binding	IPI	4	GO:0030424	axon	IDA	1	GO:0031901	early endosome membrane	IDA	1	GO:0030425	dendrite	IDA	1	GO:0048013	ephrin receptor signaling pathway	IMP	1	GO:0004714	transmembrane receptor protein tyrosine kinase activity	IDA	1	GO:0050730	regulation of peptidyl-tyrosine phosphorylation	IDA	1	GO:0043087	regulation of GTPase activity	IDA	1	GO:0018108	peptidyl-tyrosine phosphorylation	IDA	1	GO:0032319	regulation of Rho GTPase activity	IDA	1	GO:0048813	dendrite morphogenesis	IMP	1	GO:0048013	ephrin receptor signaling pathway	IDA	2	GO:0046875	ephrin receptor binding	IPI	3	GO:0014069	postsynaptic density	IDA	3	GO:0005004	GPI-linked ephrin receptor activity	IMP	1	GO:0061001	regulation of dendritic spine morphogenesis	IMP	3	GO:0046777	protein autophosphorylation	IDA	1	GO:0005887	integral to plasma membrane	IDA	2	GO:0061002	negative regulation of dendritic spine morphogenesis	IDA	2
18	82	16831833	Axis specification and morphogenesis in the mouse embryo require Nap1, a regulator of WAVE-mediated actin branching.	2006	Development (Cambridge, England)	0	68	14	0	22	0	0	60	0	GO:0001701	in utero embryonic development	IMP	4	GO:0048570	notochord morphogenesis	IMP	4	GO:0001756	somitogenesis	IMP	4	GO:0007492	endoderm development	IMP	4	GO:0010172	embryonic body morphogenesis	IMP	4	GO:0045176	apical protein localization	IDA	4	GO:0030950	establishment or maintenance of actin cytoskeleton polarity	IMP	4	GO:0035050	embryonic heart tube development	IMP	4	GO:0045175	basal protein localization	IDA	4	GO:0008078	mesodermal cell migration	IMP	4	GO:0048617	embryonic foregut morphogenesis	IMP	4	GO:0001843	neural tube closure	IMP	4	GO:0030032	lamellipodium assembly	IMP	4	GO:0048340	paraxial mesoderm morphogenesis	IMP	4	GO:0031252	cell leading edge	IDA	14	GO:0050821	protein stabilization	IMP	4	GO:0032880	regulation of protein localization	IMP	4	GO:0007354	zygotic determination of anterior/posterior axis, embryo	IMP	4
18	70	15814794	Plexin-a4 mediates axon-repulsive activities of both secreted and transmembrane semaphorins and plays roles in nerve fiber guidance.	2005	The Journal of neuroscience : the official journal of the Society for Neuroscience	16	47	7	0	23	0	0	36	11	GO:0048485	sympathetic nervous system development	IMP	3	GO:0005515	protein binding	IPI	4	GO:0021793	chemorepulsion of branchiomotor axon	IMP	2	GO:0050919	negative chemotaxis	IMP	6	GO:0005883	neurofilament	IDA	1	GO:0048841	regulation of axon extension involved in axon guidance	IMP	2	GO:0050923	regulation of negative chemotaxis	IMP	2	GO:0007411	axon guidance	IDA	5	GO:0021644	vagus nerve morphogenesis	IMP	2	GO:0021615	glossopharyngeal nerve morphogenesis	IMP	2	GO:0030424	axon	IDA	6	GO:0071526	semaphorin-plexin signaling pathway	IMP	2	GO:0045499	chemorepellent activity	IDA	5	GO:0021784	postganglionic parasympathetic nervous system development	IMP	2	GO:0050919	negative chemotaxis	IDA	5	GO:0021960	anterior commissure morphogenesis	IMP	2	GO:0030215	semaphorin receptor binding	IPI	7	GO:0048841	regulation of axon extension involved in axon guidance	IDA	1	GO:0021636	trigeminal nerve morphogenesis	IMP	3	GO:0007411	axon guidance	IMP	6	GO:0021610	facial nerve morphogenesis	IMP	2
18	18	15598803	Arabidopsis POLYOL TRANSPORTER5, a new member of the monosaccharide transporter-like superfamily, mediates H+-Symport of numerous substrates, including myo-inositol, glycerol, and ribose.	2005	The Plant cell	9	8	1	0	18	0	0	0	0	GO:0015757	galactose transport	IDA	1	GO:0015576	sorbitol transmembrane transporter activity	IDA	1	GO:0015591	D-ribose transmembrane transporter activity	IDA	1	GO:0015752	D-ribose transport	IDA	1	GO:0015798	myo-inositol transport	IDA	1	GO:0015795	sorbitol transport	IDA	1	GO:0015797	mannitol transport	IDA	1	GO:0015753	D-xylose transport	IDA	1	GO:0005355	glucose transmembrane transporter activity	IDA	1	GO:0005886	plasma membrane	IDA	1	GO:0015793	glycerol transport	IDA	1	GO:0015575	mannitol transmembrane transporter activity	IDA	1	GO:0015148	D-xylose transmembrane transporter activity	IDA	1	GO:0015758	glucose transport	IDA	1	GO:0005365	myo-inositol transmembrane transporter activity	IDA	1	GO:0005351	sugar:hydrogen symporter activity	IDA	1	GO:0005354	galactose transmembrane transporter activity	IDA	1	GO:0015168	glycerol transmembrane transporter activity	IDA	1
18	62	15220916	NOD2 is a negative regulator of Toll-like receptor 2-mediated T helper type 1 responses.	2004	Nature immunology	10	25	27	0	37	0	0	19	6	GO:0032695	negative regulation of interleukin-12 production	IDA	2	GO:0005515	protein binding	IPI	1	GO:0032495	response to muramyl dipeptide	IMP	2	GO:0032701	negative regulation of interleukin-18 production	IMP	2	GO:0032735	positive regulation of interleukin-12 production	IMP	2	GO:0043514	interleukin-12 complex	IDA	5	GO:0005615	extracellular space	IDA	8	GO:0042164	interleukin-12 alpha subunit binding	IPI	2	GO:0032088	negative regulation of NF-kappaB transcription factor activity	IMP	2	GO:0032735	positive regulation of interleukin-12 production	IDA	2	GO:0032695	negative regulation of interleukin-12 production	IMP	2	GO:0009897	external side of plasma membrane	IDA	6	GO:0042803	protein homodimerization activity	IDA	4	GO:0032689	negative regulation of interferon-gamma production	IMP	2	GO:0005634	nucleus	IDA	8	GO:0001816	cytokine production	IMP	1	GO:0051092	positive regulation of NF-kappaB transcription factor activity	IMP	2	GO:0032760	positive regulation of tumor necrosis factor production	IMP	2	GO:0032495	response to muramyl dipeptide	IDA	2	GO:0034136	negative regulation of toll-like receptor 2 signaling pathway	IMP	2	GO:0042163	interleukin-12 beta subunit binding	IPI	3
18	25	12782713	MIF signal transduction initiated by binding to CD74.	2003	The Journal of experimental medicine	4	17	4	0	17	0	0	7	1	GO:0016021	integral to membrane	IDA	1	GO:0005576	extracellular region	IDA	1	GO:0004896	cytokine receptor activity	IMP	1	GO:0070374	positive regulation of ERK1 and ERK2 cascade	IMP	2	GO:0000187	activation of MAPK activity	IDA	1	GO:0042327	positive regulation of phosphorylation	IDA	1	GO:0001516	prostaglandin biosynthetic process	IDA	2	GO:0007166	cell surface receptor linked signaling pathway	IDA	1	GO:0019955	cytokine binding	IPI	1	GO:0048146	positive regulation of fibroblast proliferation	IDA	1	GO:0008283	cell proliferation	IDA	1	GO:0005125	cytokine activity	IDA	1	GO:0043066	negative regulation of apoptotic process	IDA	2	GO:0070374	positive regulation of ERK1 and ERK2 cascade	IDA	1	GO:0043498	cell surface binding	IDA	1	GO:0030890	positive regulation of B cell proliferation	IDA	1	GO:0048146	positive regulation of fibroblast proliferation	IMP	1	GO:0009986	cell surface	IDA	1	GO:0030890	positive regulation of B cell proliferation	IMP	1	GO:0001961	positive regulation of cytokine-mediated signaling pathway	IMP	2	GO:0035692	macrophage migration inhibitory factor receptor complex	IDA	1
18	18	12556481	SKIP negatively regulates insulin-induced GLUT4 translocation and membrane ruffle formation.	2003	Molecular and cellular biology	1	13	4	0	18	0	0	0	0	GO:0046627	negative regulation of insulin receptor signaling pathway	IDA	1	GO:0010801	negative regulation of peptidyl-threonine phosphorylation	IDA	1	GO:0048471	perinuclear region of cytoplasm	IDA	1	GO:0090315	negative regulation of protein targeting to membrane	IDA	1	GO:0045719	negative regulation of glycogen biosynthetic process	IDA	1	GO:0032869	cellular response to insulin stimulus	IDA	1	GO:0051898	negative regulation of protein kinase B signaling cascade	IDA	1	GO:0046856	phosphatidylinositol dephosphorylation	IDA	1	GO:0043407	negative regulation of MAP kinase activity	IDA	1	GO:0034594	phosphatidylinositol trisphosphate phosphatase activity	IDA	1	GO:0033137	negative regulation of peptidyl-serine phosphorylation	IDA	1	GO:0032587	ruffle membrane	IDA	1	GO:0005802	trans-Golgi network	IDA	1	GO:0010829	negative regulation of glucose transport	IDA	1	GO:0051926	negative regulation of calcium ion transport	IDA	1	GO:0005886	plasma membrane	IDA	1	GO:0051497	negative regulation of stress fiber assembly	IDA	1	GO:0097178	ruffle assembly	IDA	1
17	30	9817758	The NH2 terminus of titin spans the Z-disc: its interaction with a novel 19-kD ligand (T-cap) is required for sarcomeric integrity.	1998	The Journal of cell biology	4	22	4	0	4	8	0	16	2	GO:0048769	sarcomerogenesis	IMP	2	GO:0030240	skeletal muscle thin filament assembly	IMP	2	GO:0055008	cardiac muscle tissue morphogenesis	IMP	2	GO:0008307	structural constituent of muscle	IMP	2	GO:0031433	telethonin binding	IPI	1	GO:0003009	skeletal muscle contraction	IEP	1	GO:0030241	skeletal muscle myosin thick filament assembly	IMP	2	GO:0048739	cardiac muscle fiber development	IMP	2	GO:0001756	somitogenesis	IEP	2	GO:0045214	sarcomere organization	IMP	2	GO:0007507	heart development	IEP	1	GO:0030916	otic vesicle formation	IEP	1	GO:0007512	adult heart development	IEP	2	GO:0030018	Z disc	IDA	4	GO:0060048	cardiac muscle contraction	IEP	1	GO:0055003	cardiac myofibril assembly	IMP	2	GO:0031432	titin binding	IPI	1
17	26	20123964	Lipid phosphate phosphatase 3 stabilization of beta-catenin induces endothelial cell migration and formation of branching point structures.	2010	Molecular and cellular biology	4	19	3	0	13	0	0	9	4	GO:0005515	protein binding	IPI	2	GO:0090090	negative regulation of canonical Wnt receptor signaling pathway	IMP	1	GO:0050821	protein stabilization	IDA	3	GO:0034333	adherens junction assembly	IMP	1	GO:0008013	beta-catenin binding	IPI	1	GO:0008134	transcription factor binding	IPI	1	GO:0005886	plasma membrane	IMP	1	GO:0051091	positive regulation of sequence-specific DNA binding transcription factor activity	IDA	2	GO:0061154	endothelial tube morphogenesis	IMP	1	GO:0005634	nucleus	IDA	1	GO:0005829	cytosol	IMP	1	GO:0034109	homotypic cell-cell adhesion	IDA	1	GO:0001933	negative regulation of protein phosphorylation	IDA	3	GO:0044329	canonical Wnt receptor signaling pathway involved in positive regulation of cell-cell adhesion	IMP	1	GO:0051091	positive regulation of sequence-specific DNA binding transcription factor activity	IMP	1	GO:0044328	canonical Wnt receptor signaling pathway involved in positive regulation of endothelial cell migration	IMP	1	GO:0060070	canonical Wnt receptor signaling pathway	IDA	3	GO:0044330	canonical Wnt receptor signaling pathway involved in positive regulation of wound healing	IMP	1
17	56	19734906	Peli1 facilitates TRIF-dependent Toll-like receptor signaling and proinflammatory cytokine production.	2009	Nature immunology	11	32	13	0	35	0	0	16	5	GO:0005515	protein binding	IPI	5	GO:0032092	positive regulation of protein binding	IDA	1	GO:0045944	positive regulation of transcription from RNA polymerase II promoter	IDA	2	GO:0032755	positive regulation of interleukin-6 production	IDA	2	GO:0002224	toll-like receptor signaling pathway	IDA	4	GO:0034145	positive regulation of toll-like receptor 4 signaling pathway	IMP	2	GO:0043123	positive regulation of I-kappaB kinase/NF-kappaB cascade	IMP	2	GO:0031398	positive regulation of protein ubiquitination	IMP	2	GO:0001819	positive regulation of cytokine production	IMP	2	GO:0032496	response to lipopolysaccharide	IMP	2	GO:0031398	positive regulation of protein ubiquitination	IDA	1	GO:0043331	response to dsRNA	IMP	2	GO:0034141	positive regulation of toll-like receptor 3 signaling pathway	IMP	2	GO:0004842	ubiquitin-protein ligase activity	IDA	2	GO:0005634	nucleus	IDA	13	GO:0042113	B cell activation	IDA	4	GO:0003677	DNA binding	IDA	4	GO:0030890	positive regulation of B cell proliferation	IMP	2	GO:0043123	positive regulation of I-kappaB kinase/NF-kappaB cascade	IDA	2
